<?xml version="1.0"?>
<modification>
  <id>Product Option Image - Show Option Image in Cart</id>
  <version>2.0.0</version>
  <vqmver>2.3.2</vqmver>
  <author>WeDoWeb.com.au - contact@wedoweb.com.au</author>
  <!-- Show selected image in cart -->
  <file name="catalog/controller/checkout/cart.php">
    <operation>
      <search position="before"><![CDATA[$product_options = $this->model_catalog_product->getProductOptions]]></search>
      <add><![CDATA[$srcimage ="";   
            if (isset($this->request->post['image'])) {   		
                $srcimg = $this->request->post['image'];
                $vitri = 0;
                $vitri = (int)strpos($srcimg,"image");                
                $srcimage = substr($srcimg, $vitri + 6 , strlen($srcimg)-($vitri +6));
            }else{
                $srcimage = "";
            }
            ]]></add>
    </operation>
    <operation error="skip">
      <search position="replace"><![CDATA[($this->request->post['product_id'], $quantity, $option, $profile_id);]]></search>
      <add><![CDATA[($this->request->post['product_id'], $quantity, $option, $profile_id, $srcimage);]]></add>
    </operation>
    <operation error="skip">
      <search position="replace"><![CDATA[($this->request->post['product_id'], $quantity, $option)]]></search>
      <add><![CDATA[($this->request->post['product_id'], $quantity, $option, $srcimage)]]></add>
    </operation>    
  </file>
  <!--BOSSTHEMES-->
  <file name="catalog/controller/bossthemes/cart.php">
    <operation>
      <search position="before"><![CDATA[$product_options = $this->model_catalog_product->getProductOptions]]></search>
      <add><![CDATA[$srcimage ="";   
            if (isset($this->request->post['image'])) {   		
                $srcimg = $this->request->post['image'];
                $vitri = 0;
                $vitri = (int)strpos($srcimg,"image");                
                $srcimage = substr($srcimg, $vitri + 6 , strlen($srcimg)-($vitri +6));
            }else{
                $srcimage = "";
				$srcimg = "";
            }
            ]]></add>
    </operation>
    <operation error="skip">
      <search position="replace"><![CDATA[($this->request->post['product_id'], $quantity, $option, $profile_id);]]></search>
      <add><![CDATA[($this->request->post['product_id'], $quantity, $option, $profile_id, $srcimage);]]></add>
    </operation>
    <operation error="skip">
      <search position="replace"><![CDATA[($this->request->post['product_id'], $quantity, $option);]]></search>
      <add><![CDATA[($this->request->post['product_id'], $quantity, $option, $srcimage);]]></add>
    </operation>
	<operation>
      <search position="after"><![CDATA[$json['thumb'] = sprintf($this->language->get('text_thumb'), $image);]]></search>
      <add><![CDATA[	  
		if($srcimg != "")
			$json['thumb'] = sprintf($this->language->get('text_thumb'), $srcimg);
	  ]]></add>
    </operation>    	
  </file>
  <file name="catalog/view/theme/*/template/product/product.tpl">  
	<operation>
      <search position="after" error="skip"><![CDATA[<?php echo $header; ?> ]]></search>
      <add><![CDATA[
		<style>
			.boss_text img, .jGrowl-message img
			{
				max-width: 100px;
				max-height: 100px;
			}
		</style>
	  ]]></add>
    </operation>    	
  </file>
  <!--BOSSTHEMES-->
  <file name="catalog/view/theme/*/template/product/product.tpl">
    <operation>
      <search position="after"><![CDATA[$('#button-cart').bind('click', function()]]></search>
      <add><![CDATA[
        var mainImg = $poiImageToChange.attr('src');
        var data = $('.product-info input[type=\'text\'], .product-info input[type=\'hidden\'], .product-info input[type=\'radio\']:checked, .product-info input[type=\'checkbox\']:checked, .product-info select, .product-info textarea');
        data = data.serialize();]]></add>
    </operation>
    <operation>
      <search position="replace"><![CDATA[data: $('.product-info input[type=\'text\'], .product-info input[type=\'hidden\'], .product-info input[type=\'radio\']:checked, .product-info input[type=\'checkbox\']:checked, .product-info select, .product-info textarea'),]]></search>
      <add><![CDATA[data: data + '&image=' + mainImg,]]></add>
    </operation>
  </file>
  <file name="system/library/cart.php">
    <operation>
      <search position="after"><![CDATA[$product = explode(':', $key);]]></search>
      <add><![CDATA[
        $dem = 0;
        for ($i = 0; $i < count($product); $i++){
            $dem = $i;
        }
		]]></add>
    </operation>
    <operation>
      <search position="replace"><![CDATA[=> $product_query->row['image'],]]></search>
      <add><![CDATA[=> $product[$dem] != '' ? $product[$dem] : $product_query->row['image'],]]></add>
    </operation>
    <operation error="skip">
      <search position="replace"><![CDATA[($product_id, $qty = 1, $option, $profile_id)]]></search>
      <add><![CDATA[($product_id, $qty = 1, $option, $profile_id, $srcimg = '')]]></add>
    </operation>
    <operation error="skip">
      <search position="replace"><![CDATA[($product_id, $qty = 1, $option, $profile_id = '')]]></search>
      <add><![CDATA[($product_id, $qty = 1, $option, $profile_id = '', $srcimg = '')]]></add>
    </operation>
    <operation error="skip">
      <search position="replace"><![CDATA[($product_id, $qty = 1, $option = array())]]></search>
      <add><![CDATA[($product_id, $qty = 1, $option = array(), $srcimg = '')]]></add>
    </operation>
    <operation>
      <search position="before"><![CDATA[(!isset($this->session->data['cart'][$key]))]]></search>
      <add><![CDATA[$key .= ':' . $srcimg;]]></add>
    </operation>
  </file>
  <!-- End show selected image in cart -->
</modification>
